<?xml version="1.0" encoding="UTF-8"?>
<!DOCTYPE employmentrecords>
<employmentrecords xmlns:xsi="http://www.w3.org/2001/XMLSchema-instance"
    xsi:noNamespaceSchemaLocation="employmentrecords.xsd">
    <person>
        <ssn>8606261111</ssn>
        <firstName>Saman</firstName>
        <surName>Jahan</surName>
        <employments>
            <employment>
                <orgNumber>1223234590</orgNumber>
                <startDate>2013-09-01</startDate>
                <endDate>2014-01-02</endDate>
            </employment>
            <employment>
                <orgNumber>1223235551</orgNumber>
                <startDate>2014-09-01</startDate>
                <endDate>2015-01-02</endDate>
            </employment>
        </employments>
    </person>
    <person>
        <ssn>8310181111</ssn>
        <firstName>Alex</firstName>
        <surName>Gezel</surName>
        <employments>
            <employment>
                <orgNumber>1223234123</orgNumber>
                <startDate>2013-09-01</startDate>
                <endDate>2014-01-02</endDate>
            </employment>
        </employments>
    </person>
</employmentrecords>
