<?xml version="1.0" encoding="UTF-8" standalone="no"?>
<profile>
<person>
<name>Saman</name>
<surName>Jahan</surName>
<ssn>8606261111</ssn>
<gender>male</gender>
<email>person@example.com</email>
<letter>My letter</letter>
<university>
<courses>
<courseName>Mate</courseName>
<point>5</point>
<courseName>Java</courseName>
<point>2</point>
</courses>
<universityName>Kth</universityName>
<degree>Datateknik</degree>
</university>
<experience>
<companyInfo>
<companyName>Ntt</companyName>
<industry>IT</industry>
<startDate>2013-09-01</startDate>
<endDate>2014-01-02</endDate>
</companyInfo>
<companyInfo>
<companyName>Nokia</companyName>
<industry>Mobile</industry>
<startDate>2014-09-01</startDate>
<endDate>2015-01-02</endDate>
</companyInfo>
</experience>
</person>
</profile>
